[
  {
    "id": "fb887e35-7a65-4f46-ae73-371aaf530da9",
    "data": [
      {
        "text": "three",
        "alias": "ordinal",
        "meta": "@sys.ordinal",
        "userDefined": false
      }
    ],
    "isTemplate": false,
    "count": 0,
    "updated": 0
  },
  {
    "id": "5eacc90e-b80d-4f87-901c-50ca94336b1b",
    "data": [
      {
        "text": "3",
        "alias": "ordinal",
        "meta": "@sys.ordinal",
        "userDefined": false
      },
      {
        "text": ".",
        "userDefined": false
      }
    ],
    "isTemplate": false,
    "count": 0,
    "updated": 0
  },
  {
    "id": "5bff9eba-6ec8-4bf9-bae9-fcf66b6d364f",
    "data": [
      {
        "text": "3",
        "alias": "ordinal",
        "meta": "@sys.ordinal",
        "userDefined": false
      },
      {
        "text": ")",
        "userDefined": false
      }
    ],
    "isTemplate": false,
    "count": 0,
    "updated": 0
  },
  {
    "id": "9ca7f353-469e-440e-bc9c-8862b7359a8d",
    "data": [
      {
        "text": "3rd",
        "alias": "ordinal",
        "meta": "@sys.ordinal",
        "userDefined": false
      }
    ],
    "isTemplate": false,
    "count": 0,
    "updated": 0
  },
  {
    "id": "7adddc5c-f720-4da1-96df-a26b22129bea",
    "data": [
      {
        "text": "3",
        "alias": "ordinal",
        "meta": "@sys.ordinal",
        "userDefined": false
      }
    ],
    "isTemplate": false,
    "count": 0,
    "updated": 0
  }
]