[
  {
    "id": "daa7c80d-4cc0-464b-b7d0-0fe5616fb936",
    "data": [
      {
        "text": "1",
        "alias": "ordinal",
        "meta": "@sys.ordinal",
        "userDefined": false
      },
      {
        "text": ")",
        "userDefined": false
      }
    ],
    "isTemplate": false,
    "count": 0,
    "updated": 0
  },
  {
    "id": "e62e2de0-1725-438f-b6d8-ed9be58b4ef3",
    "data": [
      {
        "text": "1st",
        "alias": "ordinal",
        "meta": "@sys.ordinal",
        "userDefined": false
      }
    ],
    "isTemplate": false,
    "count": 0,
    "updated": 0
  },
  {
    "id": "fefdf52d-b5de-4c05-b486-e95ed5cfaff2",
    "data": [
      {
        "text": "one",
        "alias": "ordinal",
        "meta": "@sys.ordinal",
        "userDefined": false
      }
    ],
    "isTemplate": false,
    "count": 0,
    "updated": 0
  },
  {
    "id": "48c2ecf3-1fa1-4799-a6f7-1d0e8a0b0eed",
    "data": [
      {
        "text": "1",
        "alias": "ordinal",
        "meta": "@sys.ordinal",
        "userDefined": false
      }
    ],
    "isTemplate": false,
    "count": 0,
    "updated": 0
  }
]