[
  {
    "id": "2215f760-78bb-484f-a9cf-b4d7c5d28613",
    "data": [
      {
        "text": "2",
        "alias": "ordinal",
        "meta": "@sys.ordinal",
        "userDefined": false
      },
      {
        "text": ")",
        "userDefined": false
      }
    ],
    "isTemplate": false,
    "count": 0,
    "updated": 0
  },
  {
    "id": "09607d81-82f4-417c-9f58-89301de121a5",
    "data": [
      {
        "text": "2",
        "alias": "ordinal",
        "meta": "@sys.ordinal",
        "userDefined": false
      },
      {
        "text": ".",
        "userDefined": false
      }
    ],
    "isTemplate": false,
    "count": 0,
    "updated": 0
  },
  {
    "id": "e393a44c-9904-4eb3-8c71-6a1a918be652",
    "data": [
      {
        "text": "two",
        "alias": "ordinal",
        "meta": "@sys.ordinal",
        "userDefined": false
      }
    ],
    "isTemplate": false,
    "count": 0,
    "updated": 0
  },
  {
    "id": "a526266a-6765-456e-a523-9163ca16a643",
    "data": [
      {
        "text": "2nd",
        "alias": "ordinal",
        "meta": "@sys.ordinal",
        "userDefined": false
      }
    ],
    "isTemplate": false,
    "count": 0,
    "updated": 0
  },
  {
    "id": "4c4bf1ba-9eae-4f88-afda-b6eefbe8222d",
    "data": [
      {
        "text": "2",
        "alias": "ordinal",
        "meta": "@sys.ordinal",
        "userDefined": false
      }
    ],
    "isTemplate": false,
    "count": 0,
    "updated": 0
  }
]