[
  {
    "id": "11b6e1ca-d1cd-4cad-ade9-44026bdd1752",
    "data": [
      {
        "text": "mein ",
        "userDefined": false
      },
      {
        "text": "karan",
        "alias": "Name",
        "meta": "@sys.any",
        "userDefined": true
      },
      {
        "text": " hoon",
        "userDefined": false
      }
    ],
    "isTemplate": false,
    "count": 0,
    "updated": 0
  },
  {
    "id": "5472eaa0-2196-43ee-8647-06b32a1457c6",
    "data": [
      {
        "text": "Mera naam ",
        "userDefined": false
      },
      {
        "text": "karan",
        "alias": "Name",
        "meta": "@sys.any",
        "userDefined": true
      },
      {
        "text": " hai",
        "userDefined": false
      }
    ],
    "isTemplate": false,
    "count": 0,
    "updated": 0
  },
  {
    "id": "c7cc9332-8af2-4a8a-b4e8-b2fa7c0ac0fd",
    "data": [
      {
        "text": "Dheeraj Pratap singh",
        "alias": "Name",
        "meta": "@sys.any",
        "userDefined": true
      }
    ],
    "isTemplate": false,
    "count": 0,
    "updated": 0
  },
  {
    "id": "ac2f37dd-2200-4ae0-ba83-230fedd6f294",
    "data": [
      {
        "text": "Madhav Arnav",
        "alias": "Name",
        "meta": "@sys.any",
        "userDefined": true
      }
    ],
    "isTemplate": false,
    "count": 0,
    "updated": 0
  },
  {
    "id": "1e575de7-fb51-4cfc-80c5-51b81cd02122",
    "data": [
      {
        "text": "Madhav",
        "alias": "Name",
        "meta": "@sys.any",
        "userDefined": true
      }
    ],
    "isTemplate": false,
    "count": 0,
    "updated": 0
  },
  {
    "id": "c47254c9-f5d5-4766-a81a-12a4ed02179e",
    "data": [
      {
        "text": "i am ",
        "userDefined": false
      },
      {
        "text": "Kavin Ohri",
        "alias": "Name",
        "meta": "@sys.any",
        "userDefined": true
      }
    ],
    "isTemplate": false,
    "count": 0,
    "updated": 0
  },
  {
    "id": "82087739-eb6a-4579-bbdb-e79d24ff84fa",
    "data": [
      {
        "text": "I am ",
        "userDefined": false
      },
      {
        "text": "Aryan",
        "alias": "Name",
        "meta": "@sys.any",
        "userDefined": true
      }
    ],
    "isTemplate": false,
    "count": 0,
    "updated": 0
  },
  {
    "id": "18adeb11-9f9e-48c2-b3c6-06cc7372fdca",
    "data": [
      {
        "text": "My name is ",
        "userDefined": false
      },
      {
        "text": "Arnav",
        "alias": "Name",
        "meta": "@sys.any",
        "userDefined": true
      }
    ],
    "isTemplate": false,
    "count": 0,
    "updated": 0
  }
]