[
  {
    "id": "9651d729-fc71-498c-952d-947be040a9af",
    "data": [
      {
        "text": "two",
        "alias": "ordinal",
        "meta": "@sys.ordinal",
        "userDefined": false
      }
    ],
    "isTemplate": false,
    "count": 0,
    "updated": 0
  },
  {
    "id": "2ea8198a-bd1c-4b69-a775-20e334c0b537",
    "data": [
      {
        "text": "2nd",
        "alias": "ordinal",
        "meta": "@sys.ordinal",
        "userDefined": false
      }
    ],
    "isTemplate": false,
    "count": 0,
    "updated": 0
  },
  {
    "id": "25c5b72d-e3e3-4dd2-ab0b-1f45a9c252ca",
    "data": [
      {
        "text": "2",
        "alias": "ordinal",
        "meta": "@sys.ordinal",
        "userDefined": true
      },
      {
        "text": ")",
        "userDefined": false
      }
    ],
    "isTemplate": false,
    "count": 0,
    "updated": 0
  },
  {
    "id": "aeb29e90-ead3-4a74-81a0-b4e6dfc6699a",
    "data": [
      {
        "text": "2",
        "alias": "ordinal",
        "meta": "@sys.ordinal",
        "userDefined": false
      },
      {
        "text": ".",
        "userDefined": false
      }
    ],
    "isTemplate": false,
    "count": 0,
    "updated": 0
  },
  {
    "id": "8e114c3a-a7c6-42f1-abdd-393fb1008a1e",
    "data": [
      {
        "text": "2",
        "alias": "ordinal",
        "meta": "@sys.ordinal",
        "userDefined": false
      }
    ],
    "isTemplate": false,
    "count": 0,
    "updated": 0
  }
]