[
  {
    "id": "5a2cd5a1-6da6-4e79-a736-c3139b05bcd2",
    "data": [
      {
        "text": "15",
        "alias": "number-integer",
        "meta": "@sys.number-integer",
        "userDefined": true
      }
    ],
    "isTemplate": false,
    "count": 0,
    "updated": 0
  },
  {
    "id": "615d61d4-a2d4-46b2-ace4-c2696ed56e07",
    "data": [
      {
        "text": "14",
        "alias": "number-integer",
        "meta": "@sys.number-integer",
        "userDefined": true
      }
    ],
    "isTemplate": false,
    "count": 0,
    "updated": 0
  },
  {
    "id": "b4b6e46d-a67a-49b6-bea4-2c494affe523",
    "data": [
      {
        "text": "13",
        "alias": "number-integer",
        "meta": "@sys.number-integer",
        "userDefined": false
      }
    ],
    "isTemplate": false,
    "count": 0,
    "updated": 0
  },
  {
    "id": "e92a4b45-d2db-48a4-a364-fd0c04f98d01",
    "data": [
      {
        "text": "12",
        "alias": "number-integer",
        "meta": "@sys.number-integer",
        "userDefined": false
      }
    ],
    "isTemplate": false,
    "count": 0,
    "updated": 0
  },
  {
    "id": "fa11ecdf-c415-482b-8a23-7a8c36679802",
    "data": [
      {
        "text": "11",
        "alias": "number-integer",
        "meta": "@sys.number-integer",
        "userDefined": false
      }
    ],
    "isTemplate": false,
    "count": 0,
    "updated": 0
  },
  {
    "id": "5083f1da-6780-4c06-bc95-8f746600c04b",
    "data": [
      {
        "text": "10",
        "alias": "number-integer",
        "meta": "@sys.number-integer",
        "userDefined": false
      }
    ],
    "isTemplate": false,
    "count": 0,
    "updated": 0
  },
  {
    "id": "a8177d56-4037-4ef6-8c87-2b9ea0fe71da",
    "data": [
      {
        "text": "9",
        "alias": "number-integer",
        "meta": "@sys.number-integer",
        "userDefined": false
      }
    ],
    "isTemplate": false,
    "count": 0,
    "updated": 0
  },
  {
    "id": "f73538ba-e0e1-4fab-951b-2db8d4be68b5",
    "data": [
      {
        "text": "8",
        "alias": "number-integer",
        "meta": "@sys.number-integer",
        "userDefined": false
      }
    ],
    "isTemplate": false,
    "count": 0,
    "updated": 0
  },
  {
    "id": "8c80362f-4be7-4a31-95d5-c9af039b92c6",
    "data": [
      {
        "text": "7)",
        "alias": "number-integer",
        "meta": "@sys.number-integer",
        "userDefined": false
      }
    ],
    "isTemplate": false,
    "count": 0,
    "updated": 0
  },
  {
    "id": "7aca7c78-329f-4152-b4b9-68466f1cfb89",
    "data": [
      {
        "text": "6.",
        "alias": "number-integer",
        "meta": "@sys.number-integer",
        "userDefined": false
      }
    ],
    "isTemplate": false,
    "count": 0,
    "updated": 0
  },
  {
    "id": "111e8170-52ef-4679-9299-409323694d4b",
    "data": [
      {
        "text": "7",
        "alias": "number-integer",
        "meta": "@sys.number-integer",
        "userDefined": false
      }
    ],
    "isTemplate": false,
    "count": 0,
    "updated": 0
  },
  {
    "id": "dda88e90-b568-4b75-8006-920893c432bb",
    "data": [
      {
        "text": "6",
        "alias": "number-integer",
        "meta": "@sys.number-integer",
        "userDefined": false
      }
    ],
    "isTemplate": false,
    "count": 0,
    "updated": 0
  },
  {
    "id": "543d0df1-e9d3-4ca1-846e-2cf5e0c53686",
    "data": [
      {
        "text": "5",
        "alias": "number-integer",
        "meta": "@sys.number-integer",
        "userDefined": false
      }
    ],
    "isTemplate": false,
    "count": 0,
    "updated": 0
  },
  {
    "id": "26397124-458f-4af0-a1f1-1e28fa0e2a50",
    "data": [
      {
        "text": "4",
        "alias": "number-integer",
        "meta": "@sys.number-integer",
        "userDefined": false
      }
    ],
    "isTemplate": false,
    "count": 0,
    "updated": 0
  },
  {
    "id": "80f2461d-6764-4f9a-83d4-6bc8c90ee836",
    "data": [
      {
        "text": "3",
        "alias": "number-integer",
        "meta": "@sys.number-integer",
        "userDefined": false
      }
    ],
    "isTemplate": false,
    "count": 0,
    "updated": 0
  },
  {
    "id": "2b310a74-2342-4740-948f-c752ab929520",
    "data": [
      {
        "text": "2",
        "alias": "number-integer",
        "meta": "@sys.number-integer",
        "userDefined": false
      }
    ],
    "isTemplate": false,
    "count": 0,
    "updated": 0
  },
  {
    "id": "f0990925-ecab-40c6-8823-963795aa4096",
    "data": [
      {
        "text": "1",
        "alias": "number-integer",
        "meta": "@sys.number-integer",
        "userDefined": false
      }
    ],
    "isTemplate": false,
    "count": 0,
    "updated": 0
  }
]