[
  {
    "value": "1",
    "synonyms": [
      "1"
    ]
  },
  {
    "value": "2",
    "synonyms": [
      "2"
    ]
  },
  {
    "value": "3",
    "synonyms": [
      "3"
    ]
  },
  {
    "value": "4",
    "synonyms": [
      "4"
    ]
  },
  {
    "value": "5",
    "synonyms": [
      "5"
    ]
  },
  {
    "value": "6",
    "synonyms": [
      "6"
    ]
  },
  {
    "value": "one",
    "synonyms": [
      "one"
    ]
  },
  {
    "value": "7",
    "synonyms": [
      "7"
    ]
  },
  {
    "value": "8",
    "synonyms": [
      "8"
    ]
  },
  {
    "value": "9",
    "synonyms": [
      "9"
    ]
  },
  {
    "value": "three",
    "synonyms": [
      "three"
    ]
  },
  {
    "value": "sys.number",
    "synonyms": [
      "sys.number"
    ]
  }
]